,feature,importance
23,France U16,0.06463414634146336
24,France U17,0.03983739837398369
31,U17_NB_BUT,0.03414634146341459
3,CF_AGREE,0.025203252032520284
27,U16_NB_BUT,0.02276422764227638
